item,worker,label
0,0,0
0,1,5
0,2,1
0,3,1
0,4,3
0,5,0
0,6,5
0,7,5
1,0,4
1,1,5
1,2,5
1,3,1
1,4,0
1,5,4
1,6,0
1,7,1
2,0,0
2,1,5
2,2,0
2,3,0
2,4,0
2,5,0
2,6,1
2,7,0
3,0,0
3,1,5
3,2,0
3,3,0
3,4,0
3,5,5
3,6,5
3,7,5
4,0,5
4,1,5
4,2,1
4,3,2
4,4,2
4,5,0
4,6,1
4,7,5
5,0,0
5,1,0
5,2,1
5,3,1
5,4,1
5,5,0
5,6,1
5,7,0
6,0,0
6,1,0
6,2,0
6,3,4
6,4,4
6,5,0
6,6,5
6,7,0
7,0,5
7,1,5
7,2,5
7,3,5
7,4,0
7,5,0
7,6,5
7,7,5
8,0,0
8,1,5
8,2,0
8,3,0
8,4,0
8,5,0
8,6,0
8,7,0
9,0,0
9,1,0
9,2,1
9,3,5
9,4,1
9,5,0
9,6,5
9,7,1
10,0,0
10,1,0
10,2,0
10,3,0
10,4,0
10,5,0
10,6,5
10,7,0
11,0,0
11,1,0
11,2,0
11,3,0
11,4,0
11,5,0
11,6,5
11,7,5
12,0,0
12,1,0
12,2,0
12,3,0
12,4,0
12,5,0
12,6,0
12,7,0
13,0,0
13,1,5
13,2,0
13,3,0
13,4,0
13,5,0
13,6,5
13,7,0
14,0,0
14,1,0
14,2,1
14,3,0
14,4,0
14,5,0
14,6,5
14,7,0
15,0,5
15,1,5
15,2,1
15,3,1
15,4,1
15,5,5
15,6,1
15,7,0
16,0,0
16,1,0
16,2,0
16,3,0
16,4,2
16,5,0
16,6,0
16,7,0
17,0,0
17,1,0
17,2,0
17,3,0
17,4,0
17,5,0
17,6,5
17,7,0
18,0,0
18,1,0
18,2,0
18,3,0
18,4,0
18,5,0
18,6,5
18,7,1
19,0,0
19,1,0
19,2,0
19,3,0
19,4,0
19,5,0
19,6,0
19,7,0
20,0,0
20,1,5
20,2,5
20,3,1
20,4,5
20,5,0
20,6,5
20,7,0
21,0,0
21,1,5
21,2,1
21,3,1
21,4,0
21,5,0
21,6,5
21,7,0
22,0,1
22,1,1
22,2,0
22,3,0
22,4,0
22,5,1
22,6,5
22,7,0
23,0,0
23,1,0
23,2,0
23,3,5
23,4,0
23,5,0
23,6,1
23,7,0
24,0,0
24,1,0
24,2,0
24,3,0
24,4,0
24,5,0
24,6,5
24,7,1
25,0,0
25,1,0
25,2,0
25,3,0
25,4,0
25,5,0
25,6,5
25,7,0
26,0,1
26,1,0
26,2,5
26,3,0
26,4,0
26,5,1
26,6,1
26,7,2
27,0,0
27,1,0
27,2,0
27,3,5
27,4,1
27,5,0
27,6,0
27,7,0
28,0,5
28,1,5
28,2,0
28,3,0
28,4,0
28,5,0
28,6,0
28,7,0
29,0,0
29,1,0
29,2,0
29,3,0
29,4,0
29,5,0
29,6,5
29,7,0
30,0,0
30,1,5
30,2,1
30,3,1
30,4,1
30,5,0
30,6,5
30,7,1
31,0,0
31,1,5
31,2,1
31,3,1
31,4,1
31,5,0
31,6,5
31,7,0
32,0,1
32,1,3
32,2,5
32,3,1
32,4,0
32,5,0
32,6,5
32,7,0
33,0,0
33,1,5
33,2,0
33,3,0
33,4,0
33,5,0
33,6,5
33,7,0
34,0,0
34,1,0
34,2,0
34,3,0
34,4,0
34,5,0
34,6,0
34,7,0
35,0,0
35,1,5
35,2,5
35,3,0
35,4,0
35,5,0
35,6,0
35,7,5
36,0,0
36,1,5
36,2,5
36,3,5
36,4,0
36,5,0
36,6,5
36,7,5
37,0,5
37,1,5
37,2,0
37,3,0
37,4,0
37,5,0
37,6,5
37,7,1
38,0,0
38,1,0
38,2,1
38,3,1
38,4,0
38,5,0
38,6,1
38,7,0
39,0,0
39,1,0
39,2,1
39,3,1
39,4,1
39,5,0
39,6,5
39,7,1
40,0,2
40,1,5
40,2,1
40,3,0
40,4,2
40,5,2
40,6,5
40,7,0
41,0,0
41,1,0
41,2,0
41,3,4
41,4,4
41,5,0
41,6,0
41,7,0
42,0,1
42,1,5
42,2,1
42,3,1
42,4,5
42,5,1
42,6,5
42,7,5
43,0,0
43,1,0
43,2,1
43,3,1
43,4,0
43,5,0
43,6,5
43,7,0
44,0,0
44,1,0
44,2,0
44,3,0
44,4,0
44,5,0
44,6,5
44,7,0
45,0,0
45,1,0
45,2,0
45,3,5
45,4,0
45,5,0
45,6,5
45,7,0
46,0,0
46,1,5
46,2,1
46,3,1
46,4,1
46,5,0
46,6,5
46,7,5
47,0,0
47,1,5
47,2,5
47,3,5
47,4,0
47,5,0
47,6,5
47,7,0
48,0,5
48,1,5
48,2,0
48,3,2
48,4,0
48,5,0
48,6,1
48,7,0
49,0,1
49,1,1
49,2,0
49,3,0
49,4,0
49,5,1
49,6,5
49,7,0
50,0,0
50,1,0
50,2,0
50,3,0
50,4,0
50,5,0
50,6,0
50,7,0
51,0,0
51,1,0
51,2,1
51,3,1
51,4,1
51,5,0
51,6,5
51,7,0
52,0,5
52,1,5
52,2,0
52,3,0
52,4,0
52,5,5
52,6,5
52,7,5
53,0,1
53,1,1
53,2,1
53,3,2
53,4,2
53,5,0
53,6,1
53,7,1
54,0,1
54,1,5
54,2,1
54,3,1
54,4,2
54,5,0
54,6,0
54,7,5
55,0,0
55,1,0
55,2,1
55,3,1
55,4,2
55,5,0
55,6,0
55,7,0
56,0,0
56,1,0
56,2,0
56,3,5
56,4,0
56,5,0
56,6,5
56,7,0
57,0,0
57,1,0
57,2,0
57,3,0
57,4,0
57,5,0
57,6,5
57,7,2
58,0,0
58,1,0
58,2,0
58,3,0
58,4,1
58,5,0
58,6,1
58,7,0
59,0,0
59,1,5
59,2,1
59,3,1
59,4,1
59,5,0
59,6,1
59,7,0
60,0,0
60,1,0
60,2,0
60,3,5
60,4,0
60,5,0
60,6,5
60,7,5
61,0,0
61,1,5
61,2,1
61,3,1
61,4,2
61,5,0
61,6,5
61,7,1
62,0,0
62,1,3
62,2,1
62,3,2
62,4,0
62,5,0
62,6,1
62,7,5
63,0,2
63,1,5
63,2,5
63,3,5
63,4,0
63,5,2
63,6,5
63,7,0
64,0,0
64,1,5
64,2,1
64,3,2
64,4,2
64,5,0
64,6,1
64,7,0
65,0,0
65,1,0
65,2,0
65,3,1
65,4,0
65,5,0
65,6,5
65,7,0
66,0,0
66,1,5
66,2,5
66,3,5
66,4,0
66,5,0
66,6,5
66,7,2
67,0,0
67,1,0
67,2,0
67,3,0
67,4,0
67,5,0
67,6,1
67,7,0
68,0,0
68,1,0
68,2,0
68,3,0
68,4,0
68,5,0
68,6,5
68,7,0
69,0,0
69,1,0
69,2,1
69,3,0
69,4,1
69,5,0
69,6,5
69,7,1
70,0,0
70,1,5
70,2,1
70,3,1
70,4,0
70,5,0
70,6,5
70,7,0
71,0,0
71,1,0
71,2,0
71,3,0
71,4,0
71,5,0
71,6,5
71,7,1
72,0,0
72,1,3
72,2,5
72,3,5
72,4,0
72,5,0
72,6,5
72,7,1
73,0,0
73,1,0
73,2,1
73,3,1
73,4,2
73,5,0
73,6,1
73,7,1
74,0,0
74,1,0
74,2,0
74,3,5
74,4,0
74,5,0
74,6,5
74,7,5
75,0,0
75,1,1
75,2,1
75,3,2
75,4,0
75,5,0
75,6,1
75,7,0
76,0,1
76,1,0
76,2,0
76,3,0
76,4,0
76,5,0
76,6,5
76,7,0
77,0,1
77,1,3
77,2,1
77,3,2
77,4,0
77,5,0
77,6,1
77,7,0
78,0,0
78,1,5
78,2,0
78,3,0
78,4,0
78,5,0
78,6,5
78,7,0
79,0,0
79,1,5
79,2,5
79,3,0
79,4,0
79,5,0
79,6,5
79,7,1
80,0,0
80,1,0
80,2,0
80,3,4
80,4,2
80,5,0
80,6,0
80,7,5
81,0,0
81,1,0
81,2,0
81,3,0
81,4,0
81,5,0
81,6,5
81,7,0
82,0,0
82,1,0
82,2,0
82,3,0
82,4,0
82,5,0
82,6,0
82,7,0
83,0,5
83,1,5
83,2,0
83,3,5
83,4,0
83,5,5
83,6,5
83,7,0
84,0,0
84,1,0
84,2,0
84,3,0
84,4,0
84,5,0
84,6,1
84,7,0
85,0,0
85,1,0
85,2,1
85,3,1
85,4,2
85,5,0
85,6,0
85,7,1
86,0,0
86,1,0
86,2,0
86,3,0
86,4,0
86,5,0
86,6,5
86,7,5
87,0,1
87,1,0
87,2,1
87,3,1
87,4,2
87,5,1
87,6,1
87,7,0
88,0,0
88,1,5
88,2,0
88,3,1
88,4,0
88,5,0
88,6,5
88,7,0
89,0,0
89,1,0
89,2,0
89,3,0
89,4,0
89,5,0
89,6,5
89,7,0
90,0,0
90,1,0
90,2,0
90,3,0
90,4,0
90,5,0
90,6,1
90,7,0
91,0,0
91,1,0
91,2,0
91,3,0
91,4,0
91,5,0
91,6,5
91,7,0
92,0,0
92,1,0
92,2,0
92,3,5
92,4,0
92,5,0
92,6,5
92,7,5
93,0,0
93,1,5
93,2,0
93,3,1
93,4,1
93,5,0
93,6,0
93,7,0
94,0,0
94,1,5
94,2,0
94,3,4
94,4,0
94,5,2
94,6,5
94,7,0
95,0,2
95,1,3
95,2,1
95,3,2
95,4,1
95,5,0
95,6,3
95,7,2
96,0,1
96,1,5
96,2,1
96,3,2
96,4,1
96,5,0
96,6,1
96,7,0
97,0,2
97,1,0
97,2,0
97,3,5
97,4,0
97,5,2
97,6,0
97,7,0
98,0,0
98,1,0
98,2,5
98,3,0
98,4,0
98,5,0
98,6,5
98,7,0
99,0,0
99,1,0
99,2,0
99,3,1
99,4,0
99,5,0
99,6,1
99,7,0
100,0,1
100,1,1
100,2,0
100,3,1
100,4,1
100,5,1
100,6,5
100,7,1
101,0,1
101,1,5
101,2,1
101,3,1
101,4,1
101,5,1
101,6,5
101,7,5
102,0,1
102,1,0
102,2,5
102,3,0
102,4,0
102,5,1
102,6,1
102,7,0
103,0,2
103,1,0
103,2,0
103,3,1
103,4,2
103,5,2
103,6,1
103,7,1
104,0,1
104,1,1
104,2,1
104,3,1
104,4,2
104,5,1
104,6,1
104,7,1
105,0,1
105,1,1
105,2,0
105,3,0
105,4,0
105,5,1
105,6,5
105,7,1
106,0,0
106,1,0
106,2,0
106,3,0
106,4,0
106,5,0
106,6,5
106,7,2
107,0,1
107,1,5
107,2,1
107,3,2
107,4,2
107,5,1
107,6,1
107,7,1
108,0,1
108,1,3
108,2,1
108,3,1
108,4,2
108,5,1
108,6,3
108,7,1
109,0,5
109,1,5
109,2,1
109,3,1
109,4,1
109,5,1
109,6,5
109,7,1
110,0,1
110,1,3
110,2,1
110,3,1
110,4,1
110,5,1
110,6,5
110,7,1
111,0,1
111,1,1
111,2,0
111,3,1
111,4,0
111,5,1
111,6,5
111,7,1
112,0,1
112,1,5
112,2,5
112,3,1
112,4,1
112,5,1
112,6,5
112,7,1
113,0,1
113,1,5
113,2,1
113,3,1
113,4,1
113,5,4
113,6,5
113,7,0
114,0,5
114,1,5
114,2,5
114,3,5
114,4,5
114,5,5
114,6,5
114,7,1
115,0,1
115,1,5
115,2,1
115,3,1
115,4,1
115,5,1
115,6,5
115,7,1
116,0,1
116,1,1
116,2,5
116,3,1
116,4,0
116,5,1
116,6,5
116,7,1
117,0,1
117,1,1
117,2,1
117,3,1
117,4,2
117,5,1
117,6,1
117,7,1
118,0,3
118,1,0
118,2,1
118,3,4
118,4,4
118,5,1
118,6,5
118,7,0
119,0,5
119,1,1
119,2,0
119,3,1
119,4,1
119,5,1
119,6,5
119,7,0
120,0,1
120,1,5
120,2,5
120,3,1
120,4,5
120,5,1
120,6,5
120,7,5
121,0,0
121,1,0
121,2,0
121,3,1
121,4,0
121,5,0
121,6,0
121,7,1
122,0,1
122,1,1
122,2,1
122,3,1
122,4,1
122,5,1
122,6,5
122,7,1
123,0,1
123,1,0
123,2,1
123,3,1
123,4,1
123,5,1
123,6,5
123,7,1
124,0,1
124,1,1
124,2,1
124,3,1
124,4,2
124,5,1
124,6,1
124,7,1
125,0,1
125,1,1
125,2,5
125,3,1
125,4,1
125,5,1
125,6,0
125,7,5
126,0,1
126,1,1
126,2,1
126,3,1
126,4,1
126,5,1
126,6,5
126,7,1
127,0,1
127,1,1
127,2,1
127,3,1
127,4,1
127,5,1
127,6,5
127,7,1
128,0,1
128,1,5
128,2,1
128,3,1
128,4,1
128,5,1
128,6,5
128,7,1
129,0,1
129,1,1
129,2,1
129,3,1
129,4,3
129,5,1
129,6,5
129,7,1
130,0,0
130,1,3
130,2,1
130,3,1
130,4,2
130,5,0
130,6,1
130,7,5
131,0,5
131,1,5
131,2,1
131,3,1
131,4,1
131,5,1
131,6,5
131,7,0
132,0,1
132,1,5
132,2,5
132,3,1
132,4,1
132,5,1
132,6,5
132,7,5
133,0,1
133,1,5
133,2,0
133,3,1
133,4,2
133,5,1
133,6,1
133,7,1
134,0,1
134,1,5
134,2,5
134,3,1
134,4,1
134,5,1
134,6,5
134,7,1
135,0,1
135,1,1
135,2,1
135,3,1
135,4,1
135,5,1
135,6,1
135,7,1
136,0,1
136,1,1
136,2,1
136,3,1
136,4,3
136,5,1
136,6,1
136,7,5
137,0,1
137,1,5
137,2,0
137,3,1
137,4,0
137,5,1
137,6,5
137,7,1
138,0,1
138,1,5
138,2,1
138,3,1
138,4,1
138,5,1
138,6,1
138,7,5
139,0,1
139,1,5
139,2,5
139,3,1
139,4,0
139,5,1
139,6,5
139,7,1
140,0,0
140,1,0
140,2,1
140,3,2
140,4,2
140,5,1
140,6,1
140,7,1
141,0,0
141,1,0
141,2,1
141,3,1
141,4,1
141,5,2
141,6,0
141,7,1
142,0,5
142,1,5
142,2,1
142,3,2
142,4,1
142,5,1
142,6,1
142,7,1
143,0,1
143,1,1
143,2,5
143,3,1
143,4,1
143,5,1
143,6,5
143,7,1
144,0,1
144,1,1
144,2,0
144,3,1
144,4,1
144,5,1
144,6,1
144,7,5
145,0,1
145,1,1
145,2,1
145,3,1
145,4,1
145,5,1
145,6,1
145,7,5
146,0,5
146,1,5
146,2,1
146,3,1
146,4,1
146,5,1
146,6,1
146,7,1
147,0,1
147,1,5
147,2,1
147,3,1
147,4,1
147,5,1
147,6,1
147,7,1
148,0,1
148,1,3
148,2,5
148,3,5
148,4,0
148,5,0
148,6,5
148,7,1
149,0,2
149,1,1
149,2,1
149,3,3
149,4,3
149,5,2
149,6,5
149,7,1
150,0,5
150,1,5
150,2,5
150,3,0
150,4,1
150,5,5
150,6,5
150,7,1
151,0,1
151,1,5
151,2,1
151,3,1
151,4,1
151,5,4
151,6,1
151,7,1
152,0,1
152,1,0
152,2,1
152,3,1
152,4,1
152,5,1
152,6,1
152,7,1
153,0,0
153,1,0
153,2,0
153,3,0
153,4,0
153,5,1
153,6,1
153,7,1
154,0,1
154,1,1
154,2,5
154,3,1
154,4,1
154,5,1
154,6,5
154,7,1
155,0,5
155,1,5
155,2,5
155,3,0
155,4,0
155,5,5
155,6,5
155,7,1
156,0,1
156,1,5
156,2,1
156,3,1
156,4,1
156,5,1
156,6,1
156,7,0
157,0,1
157,1,1
157,2,1
157,3,1
157,4,2
157,5,1
157,6,1
157,7,1
158,0,1
158,1,1
158,2,5
158,3,1
158,4,0
158,5,1
158,6,1
158,7,0
159,0,1
159,1,0
159,2,1
159,3,1
159,4,2
159,5,1
159,6,1
159,7,2
160,0,0
160,1,0
160,2,1
160,3,1
160,4,2
160,5,1
160,6,1
160,7,1
161,0,1
161,1,5
161,2,1
161,3,1
161,4,1
161,5,1
161,6,5
161,7,1
162,0,1
162,1,0
162,2,1
162,3,1
162,4,2
162,5,1
162,6,0
162,7,1
163,0,1
163,1,5
163,2,0
163,3,1
163,4,0
163,5,1
163,6,5
163,7,1
164,0,1
164,1,5
164,2,5
164,3,1
164,4,5
164,5,1
164,6,1
164,7,1
165,0,0
165,1,5
165,2,5
165,3,1
165,4,0
165,5,0
165,6,5
165,7,1
166,0,1
166,1,0
166,2,5
166,3,5
166,4,0
166,5,1
166,6,5
166,7,1
167,0,0
167,1,5
167,2,1
167,3,5
167,4,1
167,5,1
167,6,1
167,7,0
168,0,0
168,1,0
168,2,1
168,3,1
168,4,0
168,5,1
168,6,1
168,7,0
169,0,5
169,1,5
169,2,5
169,3,1
169,4,0
169,5,2
169,6,5
169,7,1
170,0,1
170,1,3
170,2,1
170,3,1
170,4,2
170,5,1
170,6,3
170,7,0
171,0,1
171,1,5
171,2,1
171,3,1
171,4,1
171,5,1
171,6,1
171,7,1
172,0,0
172,1,0
172,2,1
172,3,1
172,4,1
172,5,0
172,6,1
172,7,0
173,0,1
173,1,0
173,2,1
173,3,2
173,4,2
173,5,1
173,6,1
173,7,1
174,0,1
174,1,0
174,2,1
174,3,1
174,4,1
174,5,1
174,6,5
174,7,1
175,0,1
175,1,3
175,2,1
175,3,1
175,4,1
175,5,1
175,6,1
175,7,1
176,0,1
176,1,5
176,2,1
176,3,5
176,4,1
176,5,1
176,6,1
176,7,1
177,0,1
177,1,5
177,2,0
177,3,5
177,4,0
177,5,1
177,6,5
177,7,1
178,0,1
178,1,5
178,2,1
178,3,1
178,4,1
178,5,1
178,6,0
178,7,0
179,0,1
179,1,1
179,2,1
179,3,1
179,4,1
179,5,1
179,6,1
179,7,2
180,0,1
180,1,5
180,2,1
180,3,1
180,4,1
180,5,1
180,6,1
180,7,1
181,0,2
181,1,3
181,2,1
181,3,1
181,4,0
181,5,0
181,6,1
181,7,1
182,0,3
182,1,5
182,2,5
182,3,5
182,4,1
182,5,3
182,6,5
182,7,3
183,0,5
183,1,5
183,2,1
183,3,5
183,4,2
183,5,5
183,6,1
183,7,1
184,0,1
184,1,0
184,2,1
184,3,1
184,4,1
184,5,1
184,6,0
184,7,1
185,0,1
185,1,1
185,2,0
185,3,0
185,4,0
185,5,1
185,6,5
185,7,1
186,0,0
186,1,0
186,2,5
186,3,5
186,4,0
186,5,1
186,6,5
186,7,0
187,0,5
187,1,5
187,2,1
187,3,1
187,4,2
187,5,5
187,6,0
187,7,2
188,0,1
188,1,1
188,2,1
188,3,1
188,4,2
188,5,1
188,6,0
188,7,1
189,0,5
189,1,1
189,2,1
189,3,1
189,4,1
189,5,5
189,6,5
189,7,1
190,0,2
190,1,5
190,2,1
190,3,1
190,4,1
190,5,2
190,6,5
190,7,2
191,0,2
191,1,5
191,2,1
191,3,3
191,4,3
191,5,2
191,6,0
191,7,2
192,0,0
192,1,0
192,2,1
192,3,2
192,4,2
192,5,2
192,6,5
192,7,2
193,0,2
193,1,5
193,2,1
193,3,1
193,4,1
193,5,2
193,6,1
193,7,2
194,0,2
194,1,5
194,2,1
194,3,0
194,4,2
194,5,2
194,6,1
194,7,2
195,0,1
195,1,1
195,2,1
195,3,1
195,4,1
195,5,1
195,6,5
195,7,2
196,0,2
196,1,5
196,2,5
196,3,0
196,4,0
196,5,2
196,6,5
196,7,2
197,0,2
197,1,5
197,2,1
197,3,1
197,4,1
197,5,2
197,6,5
197,7,2
198,0,2
198,1,2
198,2,1
198,3,2
198,4,1
198,5,2
198,6,5
198,7,2
199,0,2
199,1,3
199,2,1
199,3,2
199,4,1
199,5,0
199,6,1
199,7,2
200,0,2
200,1,2
200,2,1
200,3,5
200,4,4
200,5,2
200,6,1
200,7,0
201,0,4
201,1,0
201,2,1
201,3,2
201,4,2
201,5,4
201,6,1
201,7,2
202,0,2
202,1,2
202,2,1
202,3,2
202,4,2
202,5,2
202,6,1
202,7,2
203,0,0
203,1,0
203,2,1
203,3,2
203,4,0
203,5,2
203,6,1
203,7,2
204,0,2
204,1,0
204,2,1
204,3,2
204,4,2
204,5,2
204,6,1
204,7,2
205,0,2
205,1,2
205,2,1
205,3,2
205,4,3
205,5,2
205,6,1
205,7,2
206,0,0
206,1,5
206,2,0
206,3,1
206,4,0
206,5,2
206,6,5
206,7,2
207,0,5
207,1,5
207,2,1
207,3,2
207,4,2
207,5,2
207,6,1
207,7,1
208,0,2
208,1,5
208,2,1
208,3,1
208,4,3
208,5,5
208,6,1
208,7,2
209,0,2
209,1,0
209,2,1
209,3,2
209,4,2
209,5,2
209,6,1
209,7,2
210,0,2
210,1,2
210,2,1
210,3,1
210,4,1
210,5,2
210,6,5
210,7,2
211,0,0
211,1,5
211,2,1
211,3,1
211,4,3
211,5,0
211,6,5
211,7,1
212,0,2
212,1,2
212,2,0
212,3,0
212,4,0
212,5,2
212,6,5
212,7,2
213,0,2
213,1,1
213,2,5
213,3,5
213,4,1
213,5,2
213,6,1
213,7,1
214,0,2
214,1,1
214,2,1
214,3,1
214,4,2
214,5,2
214,6,1
214,7,2
215,0,2
215,1,0
215,2,1
215,3,4
215,4,1
215,5,2
215,6,0
215,7,1
216,0,1
216,1,1
216,2,1
216,3,1
216,4,3
216,5,1
216,6,5
216,7,1
217,0,1
217,1,1
217,2,1
217,3,2
217,4,2
217,5,2
217,6,1
217,7,2
218,0,2
218,1,5
218,2,5
218,3,1
218,4,0
218,5,2
218,6,5
218,7,2
219,0,2
219,1,5
219,2,1
219,3,0
219,4,2
219,5,2
219,6,1
219,7,0
220,0,1
220,1,5
220,2,5
220,3,1
220,4,1
220,5,2
220,6,5
220,7,2
221,0,2
221,1,5
221,2,1
221,3,2
221,4,2
221,5,5
221,6,1
221,7,2
222,0,2
222,1,0
222,2,0
222,3,0
222,4,0
222,5,2
222,6,1
222,7,2
223,0,2
223,1,5
223,2,1
223,3,1
223,4,1
223,5,2
223,6,3
223,7,2
224,0,2
224,1,0
224,2,0
224,3,1
224,4,2
224,5,2
224,6,0
224,7,2
225,0,2
225,1,0
225,2,1
225,3,0
225,4,2
225,5,2
225,6,0
225,7,2
226,0,1
226,1,5
226,2,1
226,3,1
226,4,1
226,5,1
226,6,5
226,7,2
227,0,0
227,1,0
227,2,0
227,3,4
227,4,4
227,5,0
227,6,0
227,7,2
228,0,0
228,1,0
228,2,1
228,3,2
228,4,2
228,5,0
228,6,5
228,7,2
229,0,2
229,1,2
229,2,1
229,3,2
229,4,3
229,5,2
229,6,1
229,7,1
230,0,1
230,1,1
230,2,1
230,3,1
230,4,1
230,5,2
230,6,5
230,7,2
231,0,2
231,1,0
231,2,0
231,3,0
231,4,0
231,5,2
231,6,5
231,7,1
232,0,2
232,1,0
232,2,1
232,3,2
232,4,1
232,5,2
232,6,1
232,7,1
233,0,2
233,1,1
233,2,5
233,3,1
233,4,0
233,5,2
233,6,5
233,7,3
234,0,1
234,1,1
234,2,1
234,3,1
234,4,2
234,5,1
234,6,1
234,7,2
235,0,2
235,1,5
235,2,0
235,3,0
235,4,2
235,5,4
235,6,1
235,7,1
236,0,1
236,1,3
236,2,1
236,3,2
236,4,0
236,5,0
236,6,3
236,7,2
237,0,0
237,1,0
237,2,1
237,3,2
237,4,2
237,5,2
237,6,1
237,7,2
238,0,2
238,1,5
238,2,1
238,3,0
238,4,2
238,5,2
238,6,0
238,7,0
239,0,2
239,1,0
239,2,0
239,3,1
239,4,1
239,5,2
239,6,1
239,7,1
240,0,5
240,1,5
240,2,5
240,3,0
240,4,5
240,5,5
240,6,5
240,7,1
241,0,0
241,1,0
241,2,0
241,3,1
241,4,2
241,5,0
241,6,1
241,7,2
242,0,5
242,1,5
242,2,1
242,3,3
242,4,3
242,5,2
242,6,1
242,7,1
243,0,2
243,1,5
243,2,5
243,3,5
243,4,0
243,5,2
243,6,5
243,7,2
244,0,0
244,1,0
244,2,0
244,3,5
244,4,0
244,5,2
244,6,5
244,7,1
245,0,2
245,1,3
245,2,1
245,3,2
245,4,1
245,5,2
245,6,1
245,7,2
246,0,2
246,1,0
246,2,1
246,3,2
246,4,2
246,5,2
246,6,1
246,7,2
247,0,3
247,1,3
247,2,3
247,3,3
247,4,3
247,5,3
247,6,3
247,7,3
248,0,3
248,1,3
248,2,3
248,3,3
248,4,3
248,5,3
248,6,3
248,7,3
249,0,3
249,1,3
249,2,3
249,3,3
249,4,3
249,5,3
249,6,3
249,7,3
250,0,3
250,1,3
250,2,3
250,3,3
250,4,3
250,5,3
250,6,3
250,7,3
251,0,3
251,1,3
251,2,3
251,3,3
251,4,3
251,5,3
251,6,3
251,7,3
252,0,3
252,1,3
252,2,3
252,3,3
252,4,3
252,5,3
252,6,3
252,7,3
253,0,3
253,1,3
253,2,3
253,3,3
253,4,3
253,5,3
253,6,3
253,7,3
254,0,3
254,1,3
254,2,3
254,3,3
254,4,3
254,5,3
254,6,5
254,7,3
255,0,3
255,1,3
255,2,3
255,3,3
255,4,3
255,5,3
255,6,3
255,7,3
256,0,3
256,1,3
256,2,3
256,3,3
256,4,3
256,5,3
256,6,3
256,7,3
257,0,3
257,1,3
257,2,3
257,3,3
257,4,3
257,5,3
257,6,3
257,7,3
258,0,3
258,1,3
258,2,3
258,3,3
258,4,3
258,5,3
258,6,3
258,7,3
259,0,3
259,1,3
259,2,3
259,3,3
259,4,3
259,5,3
259,6,3
259,7,3
260,0,3
260,1,3
260,2,3
260,3,3
260,4,3
260,5,3
260,6,3
260,7,3
261,0,3
261,1,3
261,2,3
261,3,3
261,4,3
261,5,3
261,6,3
261,7,3
262,0,3
262,1,3
262,2,3
262,3,3
262,4,3
262,5,3
262,6,3
262,7,3
263,0,3
263,1,3
263,2,3
263,3,3
263,4,3
263,5,3
263,6,3
263,7,3
264,0,1
264,1,1
264,2,1
264,3,1
264,4,3
264,5,1
264,6,1
264,7,3
265,0,3
265,1,3
265,2,3
265,3,3
265,4,3
265,5,3
265,6,3
265,7,3
266,0,3
266,1,3
266,2,3
266,3,3
266,4,3
266,5,3
266,6,3
266,7,3
267,0,3
267,1,3
267,2,3
267,3,3
267,4,3
267,5,3
267,6,3
267,7,3
268,0,3
268,1,3
268,2,3
268,3,3
268,4,3
268,5,3
268,6,3
268,7,3
269,0,3
269,1,3
269,2,3
269,3,3
269,4,3
269,5,3
269,6,3
269,7,3
270,0,3
270,1,3
270,2,3
270,3,3
270,4,3
270,5,3
270,6,3
270,7,3
271,0,3
271,1,3
271,2,3
271,3,3
271,4,3
271,5,3
271,6,3
271,7,3
272,0,3
272,1,3
272,2,3
272,3,3
272,4,3
272,5,3
272,6,3
272,7,3
273,0,3
273,1,3
273,2,3
273,3,3
273,4,3
273,5,3
273,6,3
273,7,3
274,0,3
274,1,3
274,2,3
274,3,3
274,4,3
274,5,3
274,6,3
274,7,3
275,0,3
275,1,3
275,2,3
275,3,3
275,4,3
275,5,3
275,6,3
275,7,3
276,0,3
276,1,3
276,2,3
276,3,3
276,4,3
276,5,3
276,6,3
276,7,3
277,0,3
277,1,3
277,2,3
277,3,3
277,4,3
277,5,3
277,6,3
277,7,3
278,0,3
278,1,3
278,2,3
278,3,3
278,4,3
278,5,3
278,6,3
278,7,3
279,0,3
279,1,3
279,2,3
279,3,3
279,4,3
279,5,3
279,6,3
279,7,3
280,0,3
280,1,3
280,2,3
280,3,3
280,4,3
280,5,3
280,6,3
280,7,3
281,0,3
281,1,3
281,2,3
281,3,3
281,4,3
281,5,3
281,6,3
281,7,3
282,0,3
282,1,3
282,2,3
282,3,3
282,4,3
282,5,3
282,6,3
282,7,3
283,0,3
283,1,3
283,2,3
283,3,3
283,4,3
283,5,3
283,6,3
283,7,3
284,0,1
284,1,1
284,2,1
284,3,1
284,4,3
284,5,1
284,6,1
284,7,3
285,0,3
285,1,3
285,2,3
285,3,3
285,4,3
285,5,3
285,6,3
285,7,3
286,0,3
286,1,3
286,2,3
286,3,3
286,4,3
286,5,3
286,6,3
286,7,3
287,0,3
287,1,3
287,2,3
287,3,3
287,4,3
287,5,3
287,6,3
287,7,3
288,0,3
288,1,3
288,2,3
288,3,3
288,4,3
288,5,3
288,6,3
288,7,3
289,0,3
289,1,3
289,2,3
289,3,3
289,4,3
289,5,3
289,6,3
289,7,3
290,0,3
290,1,3
290,2,3
290,3,3
290,4,3
290,5,3
290,6,3
290,7,3
291,0,3
291,1,3
291,2,3
291,3,3
291,4,3
291,5,3
291,6,3
291,7,3
292,0,3
292,1,3
292,2,3
292,3,3
292,4,3
292,5,3
292,6,3
292,7,3
293,0,3
293,1,3
293,2,3
293,3,3
293,4,3
293,5,3
293,6,3
293,7,3
294,0,3
294,1,3
294,2,3
294,3,3
294,4,3
294,5,3
294,6,3
294,7,3
295,0,3
295,1,3
295,2,3
295,3,3
295,4,3
295,5,3
295,6,3
295,7,3
296,0,3
296,1,3
296,2,3
296,3,3
296,4,3
296,5,3
296,6,3
296,7,3
297,0,3
297,1,3
297,2,3
297,3,3
297,4,3
297,5,3
297,6,3
297,7,3
298,0,3
298,1,3
298,2,3
298,3,3
298,4,3
298,5,3
298,6,3
298,7,3
299,0,3
299,1,3
299,2,3
299,3,3
299,4,3
299,5,3
299,6,3
299,7,3
300,0,3
300,1,3
300,2,3
300,3,3
300,4,3
300,5,3
300,6,3
300,7,3
301,0,3
301,1,3
301,2,3
301,3,3
301,4,3
301,5,3
301,6,3
301,7,3
302,0,3
302,1,3
302,2,3
302,3,3
302,4,3
302,5,3
302,6,3
302,7,3
303,0,3
303,1,3
303,2,3
303,3,3
303,4,3
303,5,3
303,6,3
303,7,3
304,0,3
304,1,3
304,2,3
304,3,3
304,4,3
304,5,3
304,6,3
304,7,3
305,0,3
305,1,3
305,2,3
305,3,3
305,4,3
305,5,3
305,6,3
305,7,3
306,0,3
306,1,3
306,2,3
306,3,3
306,4,3
306,5,3
306,6,3
306,7,3
307,0,3
307,1,3
307,2,3
307,3,3
307,4,3
307,5,3
307,6,3
307,7,3
308,0,3
308,1,3
308,2,3
308,3,3
308,4,3
308,5,3
308,6,3
308,7,3
309,0,3
309,1,3
309,2,3
309,3,3
309,4,3
309,5,3
309,6,3
309,7,3
310,0,3
310,1,3
310,2,3
310,3,3
310,4,3
310,5,3
310,6,3
310,7,3
311,0,3
311,1,3
311,2,3
311,3,3
311,4,3
311,5,3
311,6,3
311,7,3
312,0,3
312,1,3
312,2,3
312,3,3
312,4,3
312,5,3
312,6,3
312,7,3
313,0,3
313,1,3
313,2,3
313,3,3
313,4,3
313,5,3
313,6,3
313,7,3
314,0,3
314,1,3
314,2,3
314,3,3
314,4,3
314,5,3
314,6,3
314,7,3
315,0,3
315,1,3
315,2,3
315,3,3
315,4,3
315,5,3
315,6,3
315,7,3
316,0,3
316,1,3
316,2,3
316,3,3
316,4,3
316,5,3
316,6,3
316,7,3
317,0,3
317,1,3
317,2,3
317,3,3
317,4,3
317,5,3
317,6,3
317,7,3
318,0,3
318,1,3
318,2,3
318,3,3
318,4,3
318,5,3
318,6,3
318,7,3
319,0,3
319,1,3
319,2,3
319,3,3
319,4,3
319,5,3
319,6,3
319,7,3
320,0,3
320,1,3
320,2,3
320,3,3
320,4,3
320,5,3
320,6,3
320,7,3
321,0,3
321,1,3
321,2,3
321,3,3
321,4,3
321,5,3
321,6,3
321,7,3
322,0,3
322,1,3
322,2,3
322,3,3
322,4,3
322,5,3
322,6,3
322,7,3
323,0,3
323,1,3
323,2,3
323,3,3
323,4,3
323,5,3
323,6,3
323,7,3
324,0,3
324,1,3
324,2,3
324,3,3
324,4,3
324,5,3
324,6,3
324,7,3
325,0,3
325,1,3
325,2,3
325,3,3
325,4,3
325,5,3
325,6,3
325,7,3
326,0,3
326,1,3
326,2,3
326,3,3
326,4,3
326,5,3
326,6,3
326,7,3
327,0,3
327,1,3
327,2,3
327,3,3
327,4,3
327,5,3
327,6,3
327,7,3
328,0,3
328,1,3
328,2,3
328,3,3
328,4,3
328,5,3
328,6,3
328,7,3
329,0,3
329,1,3
329,2,3
329,3,3
329,4,3
329,5,3
329,6,3
329,7,3
330,0,3
330,1,3
330,2,3
330,3,3
330,4,3
330,5,3
330,6,3
330,7,3
331,0,3
331,1,3
331,2,3
331,3,3
331,4,3
331,5,3
331,6,3
331,7,3
332,0,3
332,1,3
332,2,3
332,3,3
332,4,3
332,5,3
332,6,3
332,7,3
333,0,3
333,1,3
333,2,3
333,3,3
333,4,3
333,5,3
333,6,3
333,7,3
334,0,3
334,1,3
334,2,3
334,3,3
334,4,3
334,5,3
334,6,3
334,7,3
335,0,3
335,1,3
335,2,3
335,3,3
335,4,3
335,5,3
335,6,3
335,7,3
336,0,3
336,1,3
336,2,3
336,3,3
336,4,3
336,5,3
336,6,3
336,7,3
337,0,3
337,1,3
337,2,3
337,3,3
337,4,3
337,5,3
337,6,3
337,7,3
338,0,3
338,1,3
338,2,3
338,3,3
338,4,3
338,5,3
338,6,3
338,7,3
339,0,3
339,1,3
339,2,3
339,3,3
339,4,3
339,5,3
339,6,3
339,7,3
340,0,3
340,1,3
340,2,3
340,3,3
340,4,3
340,5,3
340,6,3
340,7,3
341,0,3
341,1,3
341,2,3
341,3,3
341,4,3
341,5,3
341,6,3
341,7,3
342,0,3
342,1,3
342,2,3
342,3,3
342,4,3
342,5,3
342,6,3
342,7,3
343,0,3
343,1,3
343,2,3
343,3,3
343,4,3
343,5,3
343,6,3
343,7,3
344,0,3
344,1,3
344,2,3
344,3,3
344,4,3
344,5,3
344,6,3
344,7,3
345,0,3
345,1,3
345,2,3
345,3,3
345,4,3
345,5,3
345,6,3
345,7,3
346,0,3
346,1,3
346,2,3
346,3,3
346,4,3
346,5,3
346,6,3
346,7,3
347,0,3
347,1,3
347,2,3
347,3,3
347,4,3
347,5,3
347,6,3
347,7,3
348,0,3
348,1,3
348,2,3
348,3,3
348,4,3
348,5,3
348,6,3
348,7,3
349,0,3
349,1,3
349,2,3
349,3,3
349,4,3
349,5,3
349,6,3
349,7,3
350,0,3
350,1,3
350,2,3
350,3,3
350,4,3
350,5,3
350,6,3
350,7,3
351,0,3
351,1,3
351,2,3
351,3,3
351,4,3
351,5,3
351,6,3
351,7,3
352,0,3
352,1,3
352,2,3
352,3,3
352,4,3
352,5,3
352,6,3
352,7,3
353,0,3
353,1,3
353,2,3
353,3,3
353,4,3
353,5,3
353,6,3
353,7,3
354,0,3
354,1,3
354,2,3
354,3,3
354,4,3
354,5,3
354,6,3
354,7,3
355,0,3
355,1,3
355,2,3
355,3,3
355,4,3
355,5,3
355,6,3
355,7,3
356,0,3
356,1,3
356,2,3
356,3,3
356,4,3
356,5,3
356,6,3
356,7,3
357,0,3
357,1,3
357,2,3
357,3,3
357,4,3
357,5,3
357,6,3
357,7,3
358,0,3
358,1,3
358,2,3
358,3,3
358,4,3
358,5,3
358,6,3
358,7,3
359,0,3
359,1,3
359,2,3
359,3,3
359,4,3
359,5,3
359,6,3
359,7,3
360,0,3
360,1,3
360,2,3
360,3,3
360,4,3
360,5,3
360,6,3
360,7,3
361,0,3
361,1,3
361,2,3
361,3,3
361,4,3
361,5,3
361,6,3
361,7,3
362,0,3
362,1,3
362,2,3
362,3,3
362,4,3
362,5,3
362,6,3
362,7,3
363,0,3
363,1,3
363,2,3
363,3,3
363,4,3
363,5,3
363,6,3
363,7,3
364,0,3
364,1,3
364,2,3
364,3,3
364,4,3
364,5,3
364,6,3
364,7,3
365,0,3
365,1,3
365,2,3
365,3,3
365,4,3
365,5,3
365,6,3
365,7,3
366,0,3
366,1,3
366,2,3
366,3,3
366,4,3
366,5,3
366,6,3
366,7,3
367,0,3
367,1,3
367,2,3
367,3,3
367,4,3
367,5,3
367,6,3
367,7,3
368,0,3
368,1,3
368,2,3
368,3,3
368,4,3
368,5,3
368,6,3
368,7,3
369,0,3
369,1,3
369,2,3
369,3,3
369,4,3
369,5,3
369,6,3
369,7,3
370,0,3
370,1,3
370,2,3
370,3,3
370,4,3
370,5,3
370,6,3
370,7,3
371,0,3
371,1,3
371,2,3
371,3,3
371,4,3
371,5,3
371,6,3
371,7,3
372,0,3
372,1,3
372,2,3
372,3,3
372,4,3
372,5,3
372,6,3
372,7,3
373,0,3
373,1,3
373,2,3
373,3,3
373,4,3
373,5,3
373,6,3
373,7,3
374,0,3
374,1,3
374,2,3
374,3,3
374,4,3
374,5,3
374,6,3
374,7,3
375,0,3
375,1,3
375,2,3
375,3,3
375,4,3
375,5,3
375,6,3
375,7,3
376,0,3
376,1,3
376,2,3
376,3,3
376,4,3
376,5,3
376,6,3
376,7,3
377,0,3
377,1,3
377,2,3
377,3,3
377,4,3
377,5,3
377,6,3
377,7,3
378,0,3
378,1,3
378,2,3
378,3,3
378,4,3
378,5,3
378,6,3
378,7,3
379,0,3
379,1,3
379,2,3
379,3,3
379,4,3
379,5,3
379,6,3
379,7,3
380,0,3
380,1,3
380,2,3
380,3,3
380,4,3
380,5,3
380,6,3
380,7,3
381,0,3
381,1,3
381,2,3
381,3,3
381,4,3
381,5,3
381,6,3
381,7,3
382,0,3
382,1,3
382,2,3
382,3,3
382,4,3
382,5,3
382,6,3
382,7,3
383,0,3
383,1,3
383,2,3
383,3,3
383,4,3
383,5,3
383,6,3
383,7,3
384,0,3
384,1,3
384,2,3
384,3,3
384,4,3
384,5,3
384,6,3
384,7,3
385,0,3
385,1,3
385,2,3
385,3,3
385,4,3
385,5,3
385,6,3
385,7,3
386,0,3
386,1,3
386,2,3
386,3,3
386,4,3
386,5,3
386,6,3
386,7,3
387,0,3
387,1,3
387,2,3
387,3,3
387,4,3
387,5,3
387,6,3
387,7,3
388,0,3
388,1,3
388,2,3
388,3,3
388,4,3
388,5,3
388,6,3
388,7,3
389,0,3
389,1,3
389,2,3
389,3,3
389,4,3
389,5,3
389,6,3
389,7,3
390,0,3
390,1,3
390,2,3
390,3,3
390,4,3
390,5,3
390,6,3
390,7,3
391,0,3
391,1,3
391,2,3
391,3,3
391,4,3
391,5,3
391,6,3
391,7,3
392,0,3
392,1,3
392,2,3
392,3,3
392,4,3
392,5,3
392,6,3
392,7,3
393,0,3
393,1,3
393,2,3
393,3,3
393,4,3
393,5,3
393,6,3
393,7,3
394,0,3
394,1,3
394,2,3
394,3,3
394,4,3
394,5,3
394,6,3
394,7,3
395,0,3
395,1,3
395,2,3
395,3,3
395,4,3
395,5,3
395,6,3
395,7,3
396,0,3
396,1,3
396,2,3
396,3,3
396,4,3
396,5,3
396,6,3
396,7,3
397,0,3
397,1,3
397,2,3
397,3,3
397,4,3
397,5,3
397,6,3
397,7,3
398,0,3
398,1,3
398,2,3
398,3,3
398,4,3
398,5,3
398,6,3
398,7,3
399,0,3
399,1,3
399,2,3
399,3,3
399,4,3
399,5,3
399,6,3
399,7,3
400,0,3
400,1,3
400,2,3
400,3,3
400,4,3
400,5,3
400,6,3
400,7,3
401,0,3
401,1,3
401,2,3
401,3,3
401,4,3
401,5,3
401,6,3
401,7,3
402,0,3
402,1,3
402,2,3
402,3,3
402,4,3
402,5,3
402,6,3
402,7,3
403,0,3
403,1,3
403,2,3
403,3,3
403,4,3
403,5,3
403,6,3
403,7,3
404,0,3
404,1,3
404,2,3
404,3,3
404,4,3
404,5,3
404,6,3
404,7,3
405,0,3
405,1,3
405,2,3
405,3,3
405,4,3
405,5,3
405,6,3
405,7,3
406,0,3
406,1,3
406,2,3
406,3,3
406,4,3
406,5,3
406,6,3
406,7,3
407,0,3
407,1,3
407,2,3
407,3,3
407,4,3
407,5,3
407,6,3
407,7,3
408,0,3
408,1,3
408,2,3
408,3,3
408,4,3
408,5,3
408,6,3
408,7,3
409,0,3
409,1,3
409,2,3
409,3,3
409,4,3
409,5,3
409,6,3
409,7,3
410,0,3
410,1,3
410,2,3
410,3,3
410,4,3
410,5,3
410,6,3
410,7,3
411,0,3
411,1,3
411,2,3
411,3,3
411,4,3
411,5,3
411,6,3
411,7,3
412,0,3
412,1,3
412,2,3
412,3,3
412,4,3
412,5,3
412,6,3
412,7,3
413,0,3
413,1,3
413,2,3
413,3,3
413,4,3
413,5,3
413,6,3
413,7,3
414,0,3
414,1,3
414,2,3
414,3,3
414,4,3
414,5,3
414,6,3
414,7,3
415,0,3
415,1,3
415,2,3
415,3,3
415,4,3
415,5,3
415,6,3
415,7,3
416,0,3
416,1,3
416,2,3
416,3,3
416,4,3
416,5,3
416,6,3
416,7,3
417,0,3
417,1,3
417,2,3
417,3,3
417,4,3
417,5,3
417,6,3
417,7,3
418,0,3
418,1,3
418,2,3
418,3,3
418,4,3
418,5,3
418,6,3
418,7,3
419,0,3
419,1,3
419,2,3
419,3,3
419,4,3
419,5,3
419,6,3
419,7,3
420,0,3
420,1,3
420,2,3
420,3,3
420,4,3
420,5,3
420,6,3
420,7,3
421,0,3
421,1,3
421,2,3
421,3,3
421,4,3
421,5,3
421,6,3
421,7,3
422,0,3
422,1,3
422,2,3
422,3,3
422,4,3
422,5,3
422,6,3
422,7,3
423,0,3
423,1,3
423,2,3
423,3,3
423,4,3
423,5,3
423,6,3
423,7,3
424,0,3
424,1,3
424,2,3
424,3,3
424,4,3
424,5,3
424,6,3
424,7,3
425,0,3
425,1,3
425,2,3
425,3,3
425,4,3
425,5,3
425,6,3
425,7,3
426,0,3
426,1,3
426,2,3
426,3,3
426,4,3
426,5,3
426,6,3
426,7,3
427,0,3
427,1,3
427,2,3
427,3,3
427,4,3
427,5,3
427,6,3
427,7,3
428,0,0
428,1,5
428,2,1
428,3,1
428,4,3
428,5,0
428,6,1
428,7,3
429,0,3
429,1,3
429,2,3
429,3,3
429,4,3
429,5,3
429,6,3
429,7,3
430,0,3
430,1,3
430,2,3
430,3,3
430,4,3
430,5,3
430,6,3
430,7,3
431,0,3
431,1,3
431,2,3
431,3,3
431,4,3
431,5,3
431,6,3
431,7,3
432,0,3
432,1,3
432,2,3
432,3,3
432,4,3
432,5,3
432,6,3
432,7,3
433,0,3
433,1,3
433,2,3
433,3,3
433,4,3
433,5,3
433,6,3
433,7,3
434,0,3
434,1,3
434,2,3
434,3,3
434,4,3
434,5,3
434,6,3
434,7,3
435,0,3
435,1,3
435,2,3
435,3,3
435,4,3
435,5,3
435,6,3
435,7,3
436,0,3
436,1,3
436,2,3
436,3,3
436,4,3
436,5,3
436,6,3
436,7,3
437,0,3
437,1,3
437,2,3
437,3,3
437,4,3
437,5,3
437,6,3
437,7,3
438,0,3
438,1,5
438,2,1
438,3,3
438,4,3
438,5,5
438,6,1
438,7,3
439,0,3
439,1,3
439,2,3
439,3,3
439,4,3
439,5,3
439,6,3
439,7,3
440,0,3
440,1,3
440,2,3
440,3,3
440,4,3
440,5,3
440,6,3
440,7,3
441,0,3
441,1,3
441,2,3
441,3,3
441,4,3
441,5,3
441,6,3
441,7,3
442,0,3
442,1,3
442,2,3
442,3,3
442,4,3
442,5,3
442,6,3
442,7,3
443,0,3
443,1,3
443,2,3
443,3,3
443,4,3
443,5,3
443,6,3
443,7,3
444,0,3
444,1,3
444,2,3
444,3,3
444,4,3
444,5,3
444,6,3
444,7,3
445,0,3
445,1,3
445,2,1
445,3,3
445,4,3
445,5,3
445,6,1
445,7,3
446,0,3
446,1,3
446,2,3
446,3,3
446,4,3
446,5,3
446,6,3
446,7,3
447,0,3
447,1,3
447,2,3
447,3,3
447,4,3
447,5,3
447,6,3
447,7,3
448,0,3
448,1,3
448,2,3
448,3,3
448,4,3
448,5,3
448,6,3
448,7,3
449,0,3
449,1,3
449,2,3
449,3,3
449,4,3
449,5,3
449,6,3
449,7,3
450,0,3
450,1,3
450,2,3
450,3,3
450,4,3
450,5,3
450,6,3
450,7,3
451,0,3
451,1,3
451,2,3
451,3,3
451,4,3
451,5,3
451,6,3
451,7,3
452,0,3
452,1,3
452,2,3
452,3,3
452,4,3
452,5,3
452,6,3
452,7,3
453,0,3
453,1,3
453,2,3
453,3,3
453,4,3
453,5,3
453,6,3
453,7,3
454,0,3
454,1,3
454,2,3
454,3,3
454,4,3
454,5,3
454,6,3
454,7,3
455,0,3
455,1,3
455,2,3
455,3,3
455,4,3
455,5,3
455,6,3
455,7,3
456,0,3
456,1,3
456,2,3
456,3,3
456,4,3
456,5,3
456,6,3
456,7,3
457,0,3
457,1,3
457,2,3
457,3,3
457,4,3
457,5,3
457,6,3
457,7,3
458,0,3
458,1,3
458,2,3
458,3,3
458,4,3
458,5,3
458,6,3
458,7,3
459,0,3
459,1,3
459,2,3
459,3,3
459,4,3
459,5,3
459,6,3
459,7,3
460,0,3
460,1,3
460,2,3
460,3,3
460,4,3
460,5,3
460,6,3
460,7,3
461,0,3
461,1,3
461,2,3
461,3,3
461,4,3
461,5,3
461,6,3
461,7,3
462,0,3
462,1,3
462,2,3
462,3,3
462,4,3
462,5,3
462,6,3
462,7,3
463,0,3
463,1,3
463,2,3
463,3,3
463,4,3
463,5,3
463,6,3
463,7,3
464,0,3
464,1,3
464,2,3
464,3,3
464,4,3
464,5,3
464,6,3
464,7,3
465,0,3
465,1,3
465,2,3
465,3,3
465,4,3
465,5,3
465,6,3
465,7,3
466,0,3
466,1,3
466,2,3
466,3,3
466,4,3
466,5,3
466,6,3
466,7,3
467,0,3
467,1,3
467,2,3
467,3,3
467,4,3
467,5,3
467,6,3
467,7,3
468,0,3
468,1,3
468,2,3
468,3,3
468,4,3
468,5,3
468,6,3
468,7,3
469,0,3
469,1,3
469,2,3
469,3,3
469,4,3
469,5,3
469,6,3
469,7,3
470,0,3
470,1,3
470,2,3
470,3,3
470,4,3
470,5,3
470,6,3
470,7,3
471,0,3
471,1,3
471,2,3
471,3,3
471,4,3
471,5,3
471,6,3
471,7,3
472,0,3
472,1,3
472,2,3
472,3,3
472,4,3
472,5,3
472,6,3
472,7,3
473,0,3
473,1,3
473,2,3
473,3,3
473,4,3
473,5,3
473,6,3
473,7,3
474,0,3
474,1,3
474,2,3
474,3,3
474,4,3
474,5,3
474,6,3
474,7,3
475,0,3
475,1,3
475,2,3
475,3,3
475,4,3
475,5,3
475,6,3
475,7,3
476,0,3
476,1,3
476,2,3
476,3,3
476,4,3
476,5,3
476,6,3
476,7,3
477,0,3
477,1,3
477,2,3
477,3,3
477,4,3
477,5,3
477,6,3
477,7,3
478,0,3
478,1,3
478,2,3
478,3,3
478,4,3
478,5,3
478,6,3
478,7,3
479,0,3
479,1,3
479,2,3
479,3,3
479,4,3
479,5,3
479,6,3
479,7,3
480,0,3
480,1,3
480,2,3
480,3,3
480,4,3
480,5,3
480,6,3
480,7,3
481,0,3
481,1,3
481,2,3
481,3,3
481,4,3
481,5,3
481,6,3
481,7,3
482,0,3
482,1,3
482,2,3
482,3,3
482,4,3
482,5,3
482,6,3
482,7,3
483,0,3
483,1,3
483,2,3
483,3,3
483,4,3
483,5,3
483,6,3
483,7,3
484,0,3
484,1,3
484,2,3
484,3,3
484,4,3
484,5,3
484,6,3
484,7,3
485,0,3
485,1,3
485,2,3
485,3,3
485,4,3
485,5,3
485,6,3
485,7,3
486,0,3
486,1,3
486,2,3
486,3,3
486,4,3
486,5,3
486,6,3
486,7,3
487,0,3
487,1,5
487,2,1
487,3,3
487,4,3
487,5,3
487,6,1
487,7,3
488,0,3
488,1,3
488,2,3
488,3,3
488,4,3
488,5,3
488,6,3
488,7,3
489,0,3
489,1,3
489,2,3
489,3,3
489,4,3
489,5,3
489,6,3
489,7,3
490,0,3
490,1,3
490,2,3
490,3,3
490,4,3
490,5,3
490,6,3
490,7,3
491,0,3
491,1,3
491,2,3
491,3,3
491,4,3
491,5,3
491,6,3
491,7,3
492,0,1
492,1,0
492,2,0
492,3,0
492,4,3
492,5,3
492,6,0
492,7,1
493,0,3
493,1,3
493,2,3
493,3,3
493,4,3
493,5,3
493,6,3
493,7,3
494,0,3
494,1,3
494,2,3
494,3,3
494,4,3
494,5,3
494,6,3
494,7,3
495,0,3
495,1,3
495,2,3
495,3,3
495,4,3
495,5,3
495,6,3
495,7,3
496,0,3
496,1,3
496,2,3
496,3,3
496,4,3
496,5,3
496,6,3
496,7,3
497,0,3
497,1,3
497,2,3
497,3,3
497,4,3
497,5,3
497,6,3
497,7,3
498,0,3
498,1,3
498,2,3
498,3,3
498,4,3
498,5,3
498,6,3
498,7,3
499,0,3
499,1,3
499,2,3
499,3,3
499,4,3
499,5,3
499,6,3
499,7,3
500,0,3
500,1,3
500,2,3
500,3,3
500,4,3
500,5,3
500,6,3
500,7,3
501,0,3
501,1,3
501,2,3
501,3,3
501,4,3
501,5,3
501,6,3
501,7,3
502,0,3
502,1,3
502,2,3
502,3,3
502,4,3
502,5,3
502,6,3
502,7,3
503,0,3
503,1,3
503,2,3
503,3,3
503,4,3
503,5,3
503,6,3
503,7,3
504,0,3
504,1,3
504,2,3
504,3,3
504,4,3
504,5,3
504,6,3
504,7,3
505,0,3
505,1,3
505,2,3
505,3,3
505,4,3
505,5,3
505,6,3
505,7,3
506,0,3
506,1,3
506,2,3
506,3,3
506,4,3
506,5,3
506,6,3
506,7,3
507,0,3
507,1,3
507,2,3
507,3,3
507,4,3
507,5,3
507,6,3
507,7,3
508,0,3
508,1,3
508,2,3
508,3,3
508,4,3
508,5,3
508,6,3
508,7,3
509,0,3
509,1,3
509,2,3
509,3,3
509,4,3
509,5,3
509,6,3
509,7,3
510,0,3
510,1,3
510,2,3
510,3,3
510,4,3
510,5,3
510,6,3
510,7,3
511,0,3
511,1,3
511,2,3
511,3,3
511,4,3
511,5,3
511,6,3
511,7,3
512,0,3
512,1,3
512,2,3
512,3,3
512,4,3
512,5,3
512,6,3
512,7,3
513,0,3
513,1,3
513,2,3
513,3,3
513,4,3
513,5,3
513,6,3
513,7,3
514,0,3
514,1,3
514,2,3
514,3,3
514,4,3
514,5,3
514,6,3
514,7,3
515,0,3
515,1,3
515,2,3
515,3,3
515,4,3
515,5,3
515,6,3
515,7,3
516,0,3
516,1,3
516,2,3
516,3,3
516,4,3
516,5,3
516,6,3
516,7,3
517,0,3
517,1,3
517,2,3
517,3,3
517,4,3
517,5,3
517,6,3
517,7,3
518,0,3
518,1,3
518,2,3
518,3,3
518,4,3
518,5,3
518,6,3
518,7,3
519,0,3
519,1,3
519,2,3
519,3,3
519,4,3
519,5,3
519,6,3
519,7,3
520,0,3
520,1,3
520,2,3
520,3,3
520,4,3
520,5,3
520,6,3
520,7,3
521,0,3
521,1,3
521,2,3
521,3,3
521,4,3
521,5,3
521,6,3
521,7,3
522,0,3
522,1,3
522,2,3
522,3,3
522,4,3
522,5,3
522,6,3
522,7,3
523,0,3
523,1,3
523,2,3
523,3,3
523,4,3
523,5,3
523,6,3
523,7,3
524,0,3
524,1,3
524,2,3
524,3,3
524,4,3
524,5,3
524,6,3
524,7,3
525,0,3
525,1,3
525,2,3
525,3,3
525,4,3
525,5,3
525,6,3
525,7,3
526,0,3
526,1,3
526,2,3
526,3,3
526,4,3
526,5,3
526,6,3
526,7,3
527,0,3
527,1,3
527,2,3
527,3,3
527,4,3
527,5,3
527,6,3
527,7,3
528,0,3
528,1,3
528,2,3
528,3,3
528,4,3
528,5,3
528,6,3
528,7,3
529,0,3
529,1,3
529,2,3
529,3,3
529,4,3
529,5,3
529,6,3
529,7,3
530,0,3
530,1,3
530,2,3
530,3,3
530,4,3
530,5,3
530,6,3
530,7,3
531,0,3
531,1,3
531,2,3
531,3,3
531,4,3
531,5,3
531,6,3
531,7,3
532,0,3
532,1,3
532,2,3
532,3,3
532,4,3
532,5,3
532,6,3
532,7,3
533,0,3
533,1,3
533,2,3
533,3,3
533,4,3
533,5,3
533,6,3
533,7,3
534,0,3
534,1,3
534,2,3
534,3,3
534,4,3
534,5,3
534,6,3
534,7,3
535,0,3
535,1,3
535,2,3
535,3,3
535,4,3
535,5,3
535,6,3
535,7,3
536,0,3
536,1,3
536,2,3
536,3,3
536,4,3
536,5,3
536,6,3
536,7,3
537,0,3
537,1,3
537,2,3
537,3,3
537,4,3
537,5,3
537,6,3
537,7,3
538,0,3
538,1,3
538,2,3
538,3,3
538,4,3
538,5,3
538,6,3
538,7,3
539,0,3
539,1,3
539,2,3
539,3,3
539,4,3
539,5,3
539,6,3
539,7,3
540,0,3
540,1,3
540,2,3
540,3,3
540,4,3
540,5,3
540,6,3
540,7,3
541,0,3
541,1,3
541,2,3
541,3,3
541,4,3
541,5,3
541,6,3
541,7,3
542,0,3
542,1,3
542,2,3
542,3,3
542,4,3
542,5,3
542,6,3
542,7,3
543,0,3
543,1,3
543,2,3
543,3,3
543,4,3
543,5,3
543,6,3
543,7,3
544,0,3
544,1,3
544,2,3
544,3,3
544,4,3
544,5,3
544,6,3
544,7,3
545,0,3
545,1,3
545,2,3
545,3,3
545,4,3
545,5,3
545,6,3
545,7,3
546,0,3
546,1,3
546,2,3
546,3,3
546,4,3
546,5,3
546,6,3
546,7,3
547,0,3
547,1,3
547,2,3
547,3,3
547,4,3
547,5,3
547,6,3
547,7,3
548,0,3
548,1,3
548,2,3
548,3,3
548,4,3
548,5,3
548,6,3
548,7,3
549,0,3
549,1,3
549,2,3
549,3,3
549,4,3
549,5,3
549,6,3
549,7,3
550,0,3
550,1,3
550,2,3
550,3,3
550,4,3
550,5,3
550,6,3
550,7,3
551,0,3
551,1,3
551,2,3
551,3,3
551,4,3
551,5,3
551,6,3
551,7,3
552,0,3
552,1,3
552,2,3
552,3,3
552,4,3
552,5,3
552,6,3
552,7,3
553,0,3
553,1,3
553,2,3
553,3,3
553,4,3
553,5,3
553,6,3
553,7,3
554,0,3
554,1,3
554,2,3
554,3,3
554,4,3
554,5,3
554,6,3
554,7,3
555,0,3
555,1,3
555,2,3
555,3,3
555,4,3
555,5,3
555,6,3
555,7,3
556,0,3
556,1,3
556,2,3
556,3,3
556,4,3
556,5,3
556,6,3
556,7,3
557,0,3
557,1,3
557,2,3
557,3,3
557,4,3
557,5,3
557,6,3
557,7,3
558,0,3
558,1,3
558,2,3
558,3,3
558,4,3
558,5,3
558,6,3
558,7,3
559,0,3
559,1,3
559,2,3
559,3,3
559,4,3
559,5,3
559,6,3
559,7,3
560,0,3
560,1,3
560,2,3
560,3,3
560,4,3
560,5,3
560,6,3
560,7,3
561,0,3
561,1,3
561,2,3
561,3,3
561,4,3
561,5,3
561,6,3
561,7,3
562,0,3
562,1,3
562,2,3
562,3,3
562,4,3
562,5,3
562,6,3
562,7,3
563,0,3
563,1,3
563,2,3
563,3,3
563,4,3
563,5,3
563,6,3
563,7,3
564,0,3
564,1,3
564,2,3
564,3,3
564,4,3
564,5,3
564,6,3
564,7,3
565,0,3
565,1,3
565,2,3
565,3,3
565,4,3
565,5,3
565,6,3
565,7,3
566,0,3
566,1,3
566,2,3
566,3,3
566,4,3
566,5,3
566,6,3
566,7,3
567,0,3
567,1,3
567,2,3
567,3,3
567,4,3
567,5,3
567,6,3
567,7,3
568,0,3
568,1,3
568,2,3
568,3,3
568,4,3
568,5,3
568,6,3
568,7,3
569,0,3
569,1,3
569,2,3
569,3,3
569,4,3
569,5,3
569,6,3
569,7,3
570,0,3
570,1,3
570,2,3
570,3,3
570,4,3
570,5,3
570,6,3
570,7,3
571,0,3
571,1,3
571,2,3
571,3,3
571,4,3
571,5,3
571,6,3
571,7,3
572,0,3
572,1,3
572,2,3
572,3,3
572,4,3
572,5,3
572,6,3
572,7,3
573,0,3
573,1,3
573,2,3
573,3,3
573,4,3
573,5,3
573,6,3
573,7,3
574,0,3
574,1,3
574,2,3
574,3,3
574,4,3
574,5,3
574,6,3
574,7,3
575,0,3
575,1,3
575,2,3
575,3,3
575,4,3
575,5,3
575,6,3
575,7,3
576,0,3
576,1,3
576,2,3
576,3,3
576,4,3
576,5,3
576,6,3
576,7,3
577,0,3
577,1,3
577,2,3
577,3,3
577,4,3
577,5,3
577,6,3
577,7,3
578,0,3
578,1,3
578,2,3
578,3,3
578,4,3
578,5,3
578,6,3
578,7,3
579,0,3
579,1,3
579,2,3
579,3,3
579,4,3
579,5,3
579,6,3
579,7,3
580,0,3
580,1,3
580,2,3
580,3,3
580,4,3
580,5,3
580,6,3
580,7,3
581,0,3
581,1,3
581,2,3
581,3,3
581,4,3
581,5,3
581,6,3
581,7,3
582,0,3
582,1,3
582,2,3
582,3,3
582,4,3
582,5,3
582,6,3
582,7,3
583,0,3
583,1,3
583,2,3
583,3,3
583,4,3
583,5,3
583,6,3
583,7,3
584,0,3
584,1,3
584,2,3
584,3,3
584,4,3
584,5,3
584,6,3
584,7,3
585,0,3
585,1,0
585,2,1
585,3,4
585,4,4
585,5,1
585,6,1
585,7,1
586,0,3
586,1,3
586,2,3
586,3,3
586,4,3
586,5,3
586,6,3
586,7,3
587,0,3
587,1,3
587,2,3
587,3,3
587,4,3
587,5,3
587,6,3
587,7,3
588,0,3
588,1,3
588,2,3
588,3,3
588,4,3
588,5,3
588,6,3
588,7,3
589,0,3
589,1,3
589,2,3
589,3,3
589,4,3
589,5,3
589,6,3
589,7,3
590,0,3
590,1,3
590,2,3
590,3,3
590,4,3
590,5,3
590,6,3
590,7,3
591,0,3
591,1,3
591,2,3
591,3,3
591,4,3
591,5,3
591,6,3
591,7,3
592,0,3
592,1,3
592,2,3
592,3,3
592,4,3
592,5,3
592,6,3
592,7,3
593,0,3
593,1,3
593,2,3
593,3,3
593,4,3
593,5,3
593,6,3
593,7,3
594,0,3
594,1,3
594,2,3
594,3,3
594,4,3
594,5,3
594,6,1
594,7,3
595,0,2
595,1,5
595,2,1
595,3,0
595,4,2
595,5,2
595,6,0
595,7,2
596,0,3
596,1,3
596,2,3
596,3,3
596,4,3
596,5,3
596,6,3
596,7,3
597,0,3
597,1,3
597,2,3
597,3,3
597,4,3
597,5,3
597,6,3
597,7,3
598,0,3
598,1,3
598,2,3
598,3,3
598,4,3
598,5,3
598,6,3
598,7,3
599,0,3
599,1,3
599,2,3
599,3,3
599,4,3
599,5,3
599,6,3
599,7,3
600,0,3
600,1,3
600,2,3
600,3,3
600,4,3
600,5,3
600,6,3
600,7,3
601,0,3
601,1,3
601,2,3
601,3,3
601,4,3
601,5,3
601,6,3
601,7,3
602,0,3
602,1,3
602,2,3
602,3,3
602,4,3
602,5,3
602,6,3
602,7,3
603,0,3
603,1,3
603,2,3
603,3,3
603,4,3
603,5,3
603,6,3
603,7,3
604,0,3
604,1,0
604,2,1
604,3,3
604,4,4
604,5,3
604,6,0
604,7,3
605,0,3
605,1,3
605,2,3
605,3,3
605,4,3
605,5,3
605,6,3
605,7,3
606,0,3
606,1,3
606,2,3
606,3,3
606,4,3
606,5,3
606,6,3
606,7,3
607,0,3
607,1,3
607,2,3
607,3,3
607,4,3
607,5,3
607,6,3
607,7,3
608,0,3
608,1,3
608,2,3
608,3,3
608,4,3
608,5,3
608,6,3
608,7,3
609,0,3
609,1,3
609,2,3
609,3,3
609,4,3
609,5,3
609,6,3
609,7,3
610,0,3
610,1,3
610,2,3
610,3,3
610,4,3
610,5,3
610,6,3
610,7,3
611,0,3
611,1,3
611,2,3
611,3,3
611,4,3
611,5,3
611,6,3
611,7,3
612,0,3
612,1,3
612,2,3
612,3,3
612,4,3
612,5,3
612,6,3
612,7,3
613,0,3
613,1,3
613,2,3
613,3,3
613,4,3
613,5,3
613,6,3
613,7,3
614,0,3
614,1,3
614,2,3
614,3,3
614,4,3
614,5,3
614,6,3
614,7,3
615,0,3
615,1,3
615,2,3
615,3,3
615,4,3
615,5,3
615,6,3
615,7,3
616,0,3
616,1,3
616,2,3
616,3,3
616,4,3
616,5,3
616,6,3
616,7,3
617,0,3
617,1,3
617,2,3
617,3,3
617,4,3
617,5,3
617,6,3
617,7,3
618,0,3
618,1,3
618,2,3
618,3,3
618,4,3
618,5,3
618,6,3
618,7,3
619,0,3
619,1,3
619,2,3
619,3,3
619,4,3
619,5,3
619,6,3
619,7,3
620,0,3
620,1,3
620,2,3
620,3,3
620,4,3
620,5,3
620,6,3
620,7,3
621,0,3
621,1,3
621,2,3
621,3,3
621,4,3
621,5,3
621,6,3
621,7,3
622,0,3
622,1,3
622,2,3
622,3,3
622,4,3
622,5,3
622,6,3
622,7,3
623,0,3
623,1,3
623,2,3
623,3,3
623,4,3
623,5,3
623,6,3
623,7,3
624,0,3
624,1,3
624,2,3
624,3,3
624,4,3
624,5,3
624,6,3
624,7,3
625,0,3
625,1,3
625,2,3
625,3,3
625,4,3
625,5,3
625,6,3
625,7,3
626,0,3
626,1,3
626,2,3
626,3,3
626,4,3
626,5,3
626,6,3
626,7,3
627,0,3
627,1,3
627,2,3
627,3,3
627,4,3
627,5,3
627,6,3
627,7,3
628,0,3
628,1,3
628,2,3
628,3,3
628,4,3
628,5,3
628,6,3
628,7,3
629,0,4
629,1,4
629,2,0
629,3,4
629,4,4
629,5,4
629,6,0
629,7,1
630,0,1
630,1,1
630,2,1
630,3,1
630,4,1
630,5,1
630,6,5
630,7,0
631,0,0
631,1,0
631,2,1
631,3,2
631,4,2
631,5,0
631,6,1
631,7,2
632,0,4
632,1,0
632,2,1
632,3,2
632,4,2
632,5,4
632,6,1
632,7,4
633,0,4
633,1,5
633,2,1
633,3,4
633,4,2
633,5,4
633,6,1
633,7,1
634,0,5
634,1,0
634,2,0
634,3,4
634,4,4
634,5,5
634,6,1
634,7,1
635,0,2
635,1,0
635,2,1
635,3,4
635,4,1
635,5,2
635,6,0
635,7,2
636,0,4
636,1,4
636,2,0
636,3,4
636,4,4
636,5,4
636,6,1
636,7,1
637,0,0
637,1,0
637,2,1
637,3,1
637,4,1
637,5,4
637,6,1
637,7,4
638,0,2
638,1,5
638,2,0
638,3,0
638,4,2
638,5,4
638,6,1
638,7,2
639,0,4
639,1,0
639,2,1
639,3,4
639,4,4
639,5,4
639,6,5
639,7,2
640,0,1
640,1,5
640,2,1
640,3,1
640,4,1
640,5,4
640,6,1
640,7,1
641,0,0
641,1,5
641,2,0
641,3,4
641,4,1
641,5,2
641,6,1
641,7,4
642,0,1
642,1,1
642,2,1
642,3,1
642,4,3
642,5,1
642,6,1
642,7,4
643,0,4
643,1,5
643,2,1
643,3,1
643,4,1
643,5,4
643,6,1
643,7,4
644,0,4
644,1,0
644,2,0
644,3,4
644,4,2
644,5,4
644,6,5
644,7,2
645,0,1
645,1,5
645,2,1
645,3,1
645,4,1
645,5,4
645,6,1
645,7,4
646,0,0
646,1,0
646,2,0
646,3,1
646,4,2
646,5,0
646,6,1
646,7,4
647,0,0
647,1,5
647,2,1
647,3,2
647,4,2
647,5,0
647,6,3
647,7,2
648,0,4
648,1,0
648,2,0
648,3,4
648,4,4
648,5,4
648,6,5
648,7,4
649,0,4
649,1,3
649,2,1
649,3,1
649,4,1
649,5,4
649,6,1
649,7,4
650,0,2
650,1,0
650,2,1
650,3,2
650,4,2
650,5,2
650,6,1
650,7,4
651,0,4
651,1,2
651,2,1
651,3,1
651,4,2
651,5,4
651,6,1
651,7,2
652,0,4
652,1,0
652,2,0
652,3,4
652,4,4
652,5,4
652,6,1
652,7,4
653,0,4
653,1,0
653,2,1
653,3,4
653,4,4
653,5,4
653,6,1
653,7,1
654,0,5
654,1,5
654,2,1
654,3,2
654,4,2
654,5,0
654,6,1
654,7,4
655,0,5
655,1,5
655,2,1
655,3,5
655,4,2
655,5,5
655,6,1
655,7,5
656,0,5
656,1,5
656,2,5
656,3,5
656,4,5
656,5,0
656,6,1
656,7,5
657,0,5
657,1,5
657,2,5
657,3,5
657,4,5
657,5,5
657,6,5
657,7,5
658,0,0
658,1,5
658,2,1
658,3,5
658,4,5
658,5,5
658,6,5
658,7,5
659,0,5
659,1,1
659,2,5
659,3,5
659,4,5
659,5,5
659,6,5
659,7,5
660,0,5
660,1,5
660,2,5
660,3,0
660,4,5
660,5,5
660,6,5
660,7,5
661,0,5
661,1,0
661,2,5
661,3,5
661,4,5
661,5,5
661,6,0
661,7,5
662,0,5
662,1,5
662,2,5
662,3,5
662,4,5
662,5,5
662,6,5
662,7,5
663,0,5
663,1,5
663,2,5
663,3,5
663,4,5
663,5,5
663,6,5
663,7,5
664,0,5
664,1,5
664,2,5
664,3,5
664,4,5
664,5,5
664,6,5
664,7,5
665,0,5
665,1,5
665,2,5
665,3,5
665,4,5
665,5,5
665,6,5
665,7,5
666,0,5
666,1,0
666,2,5
666,3,5
666,4,5
666,5,5
666,6,5
666,7,5
667,0,5
667,1,1
667,2,0
667,3,0
667,4,5
667,5,5
667,6,5
667,7,5
668,0,5
668,1,5
668,2,5
668,3,5
668,4,5
668,5,5
668,6,5
668,7,5
669,0,5
669,1,5
669,2,5
669,3,5
669,4,5
669,5,5
669,6,5
669,7,5
670,0,0
670,1,5
670,2,5
670,3,5
670,4,5
670,5,5
670,6,5
670,7,5
671,0,5
671,1,5
671,2,5
671,3,5
671,4,5
671,5,5
671,6,5
671,7,5
672,0,0
672,1,5
672,2,5
672,3,5
672,4,5
672,5,5
672,6,5
672,7,5
673,0,5
673,1,5
673,2,0
673,3,5
673,4,5
673,5,5
673,6,5
673,7,5
674,0,0
674,1,5
674,2,1
674,3,1
674,4,1
674,5,0
674,6,5
674,7,5
675,0,5
675,1,5
675,2,5
675,3,5
675,4,5
675,5,5
675,6,5
675,7,5
676,0,5
676,1,5
676,2,5
676,3,5
676,4,5
676,5,5
676,6,5
676,7,5
677,0,2
677,1,0
677,2,5
677,3,0
677,4,5
677,5,2
677,6,5
677,7,5
678,0,1
678,1,3
678,2,5
678,3,5
678,4,5
678,5,5
678,6,5
678,7,5
679,0,5
679,1,5
679,2,5
679,3,5
679,4,5
679,5,5
679,6,5
679,7,5
680,0,1
680,1,5
680,2,0
680,3,0
680,4,5
680,5,5
680,6,5
680,7,5
681,0,5
681,1,4
681,2,5
681,3,5
681,4,5
681,5,5
681,6,5
681,7,5
682,0,5
682,1,5
682,2,0
682,3,5
682,4,1
682,5,5
682,6,1
682,7,5
683,0,5
683,1,5
683,2,5
683,3,5
683,4,5
683,5,5
683,6,1
683,7,5
684,0,5
684,1,5
684,2,5
684,3,5
684,4,5
684,5,5
684,6,5
684,7,1
685,0,5
685,1,5
685,2,5
685,3,5
685,4,5
685,5,5
685,6,5
685,7,5
686,0,5
686,1,5
686,2,1
686,3,1
686,4,1
686,5,5
686,6,0
686,7,5
687,0,5
687,1,5
687,2,0
687,3,5
687,4,5
687,5,5
687,6,5
687,7,5
688,0,5
688,1,5
688,2,5
688,3,5
688,4,5
688,5,5
688,6,5
688,7,5
